{"cameraMode":{"drawMode":0,"name":"Shaded","section":"Shading Mode"},"sceneLighting":false,"audioPlay":false,"sceneViewState":{"m_AlwaysRefresh":false,"showFog":false,"showSkybox":false,"showFlares":false,"showImageEffects":false,"showParticleSystems":false,"showVisualEffectGraphs":true,"m_FxEnabled":true},"in2DMode":false,"pivot":{"x":0.8050423264503479,"y":1.9294090270996094,"z":0.022894740104675294},"rotation":{"x":0.07587782293558121,"y":0.89776611328125,"z":-0.17060643434524537,"w":0.3990814685821533},"size":0.22806020081043244,"orthographic":false}