{"cameraMode":{"drawMode":0,"name":"Shaded","section":"Shading Mode"},"sceneLighting":false,"audioPlay":false,"sceneViewState":{"m_AlwaysRefresh":false,"showFog":false,"showSkybox":false,"showFlares":false,"showImageEffects":false,"showParticleSystems":false,"showVisualEffectGraphs":true,"m_FxEnabled":true},"in2DMode":false,"pivot":{"x":-0.15917937457561494,"y":1.3152813911437989,"z":-0.5173763632774353},"rotation":{"x":-0.011926202103495598,"y":0.9671129584312439,"z":-0.24984076619148255,"w":-0.04616537317633629},"size":0.7496516704559326,"orthographic":false}