{"cameraMode":{"drawMode":0,"name":"Shaded","section":"Shading Mode"},"sceneLighting":false,"audioPlay":false,"sceneViewState":{"m_AlwaysRefresh":false,"showFog":false,"showSkybox":false,"showFlares":false,"showImageEffects":false,"showParticleSystems":false,"showVisualEffectGraphs":true,"m_FxEnabled":true},"in2DMode":false,"pivot":{"x":-0.05194483697414398,"y":0.9388397932052612,"z":-0.3244640529155731},"rotation":{"x":-0.010027138516306878,"y":0.9612857103347778,"z":-0.27310460805892947,"w":-0.03529416397213936},"size":0.5972620248794556,"orthographic":false}