{"cameraMode":{"drawMode":0,"name":"Shaded","section":"Shading Mode"},"sceneLighting":false,"audioPlay":false,"sceneViewState":{"m_AlwaysRefresh":false,"showFog":false,"showSkybox":false,"showFlares":false,"showImageEffects":false,"showParticleSystems":false,"showVisualEffectGraphs":true,"m_FxEnabled":true},"in2DMode":false,"pivot":{"x":0.039227716624736789,"y":0.9903659224510193,"z":-0.5543550252914429},"rotation":{"x":0.006540333386510611,"y":0.9465699791908264,"z":-0.32190847396850588,"w":0.01921689137816429},"size":0.7949647903442383,"orthographic":false}